Type,Identification,Field,Locale,Market,Status,Default content,Translated content
COLLECTION,'137100984392,title,de,,,Crew Neck T-Shirts,T-shirts à col rond
COLLECTION,'137100984392,body_html,de,,,"<style><!--
.shopify-section.section-mini-image-banner{padding:30px 0px 20px 0px!important;}
--></style>
<div style=""background: #fafaf8; width: 100%;"" class=""container-indent"">
<div style=""padding: 60px 20px; font-size: 20px; line-height: 32px;"" class=""container-fluid collection-info"">
<div class=""collection-toggle toggle-open"">
<h3 style=""text-align: center; text-transform: uppercase; margin: 0 auto; font-size: 32px;"" class=""tt-title"">Crew Necks</h3>
<p style=""text-align: center; max-width: 800px; margin: 40px auto 0; display: block;"">Every guy looks great in classic crew necks. They flatter the arms, chest, and back. And if you pick the right shirt, it’ll last you a lifetime. Try our <a style=""text-decoration: underline;"" href=""/collections/pocket-tees"">crews with pockets</a> or without them. Also available in <a style=""text-decoration: underline;"" href=""/collections/long-sleeve-tees"">long sleeve crews</a>.</p>
</div>
<div class=""collection-toggle"">
<h3 style=""text-align: center; text-transform: uppercase; margin: 40px auto 0; font-size: 32px;"" class=""tt-title"">True Classic’s Crew Neck T-Shirt Features</h3>
<p style=""text-align: center; max-width: 800px; margin: 40px auto 0;"">All of our classic, slim fit crew neck tees are fitted and sized to flatter your body — no matter what shape or size. That’s because we know the difference between an ok shirt and a great shirt — it’s all in how a shirt sits on your arms and shoulders. Plus, we put a lot of work into making sure our shirts won’t shrink and your back won’t itch (our shirts are tagless). Our cotton crew neck t shirt are perfectly balanced with polyester for a slim fitted crew.</p>
</div>
<div class=""collection-toggle"">
<h3 style=""text-align: center; text-transform: uppercase; margin: 40px auto 0; font-size: 32px;"" class=""tt-title"">Our Most Popular Crews</h3>
<p style=""text-align: center; max-width: 800px; margin: 40px auto 0;"">Keep it simple with the essential <a style=""text-decoration: underline;"" href=""/products/white-crew-neck-tee"">white crew</a> or <a style=""text-decoration: underline;"" href=""/products/black-crew-neck-tee"">black crew neck shirt</a>. You can purchase <a style=""text-decoration: underline;"" href=""/products/the-classic-pack"">crew 3 packs of the basics</a> or our staple <a style=""text-decoration: underline;"" href=""/products/staple-pack"">6 pack of crews</a>, so your wardrobe has a foundation to build on.</p>
</div>
</div>
</div>
<div style=""width: 100%;"">
<div style=""padding: 60px 20px; font-size: 20px; line-height: 32px;"" class=""container-fluid"">
<p style=""text-align: center; max-width: 700px; margin: 0 auto 30px;"">Crew Neck T-Shirt FAQs</p>
<div class=""collection-toggle"">
<h4 style=""text-align: center; text-transform: uppercase; margin: 40px auto 0; font-size: 28px;"" class=""tt-title"">How should a crew neck fit your body?</h4>
<p style=""text-align: center; max-width: 800px; margin: 40px auto 0;"">A crew neck should accentuate your upper body, primarily your arms and shoulders. It should fit snugly around your neck, but you shouldn’t feel constrained or choked. Use our <a style=""text-decoration: underline;"" href=""/pages/calculator"">Find My Fit calculator</a> to find the best crew neck size.</p>
</div>
<div class=""collection-toggle"">
<h4 style=""text-align: center; text-transform: uppercase; margin: 40px auto 0; font-size: 28px;"" class=""tt-title"">What should men avoid when buying a men’s crew neck t-shirt?</h4>
<p style=""text-align: center; max-width: 800px; margin: 40px auto 0;"">One of our biggest pet peeves is gathering around the crew neck collar. When you sport a crew neck, it should lay flat along your chest. But if it gathers and doesn’t sit right around your collarbone … run for the hills.</p>
</div>
<div class=""collection-toggle"">
<h4 style=""text-align: center; text-transform: uppercase; margin: 40px auto 0; font-size: 28px;"" class=""tt-title"">How do you style a men’s crew neck t-shirt?</h4>
<p style=""text-align: center; max-width: 800px; margin: 40px auto 0;"">In warmer months, style your crew neck with slim-fit jeans for a night out on the town. And as it cools off, reach for your favorite <a style=""text-decoration: underline;"" href=""/collections/bottoms-1"">fleece joggers</a> and layer your crew neck under a quality hoodie.</p>
</div>
</div>
</div>","<style><!--
.shopify-section.section-mini-image-banner{padding:30px 0px 20px 0px!important;}
--></style>
<div style=""background: #fafaf8; width: 100%;"" class=""container-indent"">
<div style=""padding: 60px 20px; font-size: 20px; line-height: 32px;"" class=""container-fluid collection-info"">
<div class=""collection-toggle toggle-open"">
<h3 style=""text-align: center; text-transform: uppercase; margin: 0 auto; font-size: 32px;"" class=""tt-title"">Col Rond</h3>
<p style=""text-align: center; max-width: 800px; margin: 40px auto 0; display: block;"">Chaque homme a fière allure dans les cols ronds classiques. Ils mettent en valeur les bras, la poitrine et le dos. Et si vous choisissez le bon t-shirt, il durera toute une vie. Essayez nos <a style=""text-decoration: underline;"" href=""/collections/pocket-tees"">cols ronds avec poches</a> ou sans. Aussi disponible en <a style=""text-decoration: underline;"" href=""/collections/long-sleeve-tees"">cols ronds à manches longues</a>.</p>
</div>
<div class=""collection-toggle"">
<h3 style=""text-align: center; text-transform: uppercase; margin: 40px auto 0; font-size: 32px;"" class=""tt-title"">Caractéristiques du T-Shirt à Col Rond de True Classic</h3>
<p style=""text-align: center; max-width: 800px; margin: 40px auto 0;"">Tous nos t-shirts classiques à col rond et ajustés sont conçus et dimensionnés pour mettre en valeur votre corps, quelle que soit sa forme ou sa taille. C'est parce que nous connaissons la différence entre un t-shirt correct et un excellent t-shirt - tout est dans la manière dont un t-shirt repose sur vos bras et vos épaules. De plus, nous avons beaucoup travaillé pour nous assurer que nos t-shirts ne rétréciraient pas et que votre dos ne démangerait pas (nos t-shirts sont sans étiquette). Nos t-shirts à col rond en coton sont parfaitement équilibrés avec du polyester pour un col rond ajusté.</p>
</div>
<div class=""collection-toggle"">
<h3 style=""text-align: center; text-transform: uppercase; margin: 40px auto 0; font-size: 32px;"" class=""tt-title"">Nos Cols Ronds les Plus Populaires</h3>
<p style=""text-align: center; max-width: 800px; margin: 40px auto 0;"">Gardez les choses simples avec l'essentiel <a style=""text-decoration: underline;"" href=""/products/white-crew-neck-tee"">col rond blanc</a> ou <a style=""text-decoration: underline;"" href=""/products/black-crew-neck-tee"">le t-shirt à col rond noir</a>. Vous pouvez acheter des <a style=""text-decoration: underline;"" href=""/products/the-classic-pack"">packs de 3 cols ronds de base</a> ou notre produit phare <a style=""text-decoration: underline;"" href=""/products/staple-pack"">le pack de 6 cols ronds</a>, pour que votre garde-robe ait une base sur laquelle construire.</p>
</div>
</div>
</div>
<div style=""width: 100%;"">
<div style=""padding: 60px 20px; font-size: 20px; line-height: 32px;"" class=""container-fluid"">
<p style=""text-align: center; max-width: 700px; margin: 0 auto 30px;"">Questions Fréquentes sur le T-Shirt à Col Rond</p>
<div class=""collection-toggle"">
<h4 style=""text-align: center; text-transform: uppercase; margin: 40px auto 0; font-size: 28px;"" class=""tt-title"">Comment un col rond doit-il s'adapter à votre corps?</h4>
<p style=""text-align: center; max-width: 800px; margin: 40px auto 0;"">Un col rond devrait accentuer votre corps supérieur, principalement vos bras et vos épaules. Il devrait s'ajuster confortablement autour de votre cou, mais vous ne devriez pas vous sentir contraint ou étouffé. Utilisez notre <a style=""text-decoration: underline;"" href=""/pages/calculator"">calculateur Trouvez Ma Taille</a> pour trouver la meilleure taille de col rond.</p>
</div>
<div class=""collection-toggle"">
<h4 style=""text-align: center; text-transform: uppercase; margin: 40px auto 0; font-size: 28px;"" class=""tt-title"">Que doivent éviter les hommes lors de l'achat d'un t-shirt à col rond pour homme?</h4>
<p style=""text-align: center; max-width: 800px; margin: 40px auto 0;"">L'une de nos plus grandes irritations est la formation de plis autour du col du t-shirt. Lorsque vous portez un col rond, il doit être plat le long de votre poitrine. Mais s'il se rassemble et ne se place pas correctement autour de votre clavicule... fuyez les collines.</p>
</div>
<div class=""collection-toggle"">
<h4 style=""text-align: center; text-transform: uppercase; margin: 40px auto 0; font-size: 28px;"" class=""tt-title"">Comment styliser un t-shirt à col rond pour homme?</h4>
<p style=""text-align: center; max-width: 800px; margin: 40px auto 0;"">Aux mois plus chauds, associez votre col rond à des jeans slim pour une soirée en ville. Et quand il fait plus frais, optez pour vos <a style=""text-decoration: underline;"" href=""/collections/bottoms-1"">joggeurs en polaire</a> préférés et mettez votre col rond sous un hoodie de qualité.</p>
</div>
</div>
</div>"
COLLECTION,'137100984392,meta_title,de,,,Men’s Crew Neck T-Shirts - True Classic,T-shirts Col Rond pour Hommes - Vrai Classique
COLLECTION,'137100984392,meta_description,de,,,Shop True Classic for the best men's crew neck t-shirts. Our perfectly fitted crew neck tees are sure to be your closet's favorite new staple.,Faites vos achats chez True Classic pour les meilleurs t-shirts à col rond pour hommes. Nos t-shirts à col rond parfaitement ajustés sont sûrs de devenir le nouvel incontournable de votre garde-robe.
COLLECTION,'137101181000,title,de,,,V-Neck T-Shirts,T-shirts col en V
